﻿[{"BookCount":66,"Build":"2013-05-14","ChapterCount":1189,"Code":"ARASVD","Language":"ar","Name":"Smith Van Dyke Arabic Bible","VerseCount":31102,"ZipSize":1623211},{"BookCount":66,"Build":"2013-05-14","ChapterCount":1189,"Code":"AZERI","Language":"az","Name":"Description_en=Southern Azeri Translation","VerseCount":31102,"ZipSize":1912504},{"BookCount":66,"Build":"2013-05-14","ChapterCount":1189,"Code":"NORTHERNAZERI","Language":"az","Name":"Northern Azeri Translation","VerseCount":31101,"ZipSize":1755965},{"BookCount":66,"Build":"2013-05-14","ChapterCount":1189,"Code":"BULVEREN","Language":"bg","Name":"Veren's Contemporary Bible","VerseCount":31101,"ZipSize":1963016},{"BookCount":66,"Build":"2013-05-14","ChapterCount":1189,"Code":"CZBKR","Language":"cs","Name":"Czech BKR","VerseCount":31102,"ZipSize":1831904},{"BookCount":66,"Build":"2013-05-14","ChapterCount":1188,"Code":"CZECEP","Language":"cs","Name":"Czech Ekumenicky Cesky preklad","VerseCount":30964,"ZipSize":1813789},{"BookCount":66,"Build":"2013-05-14","ChapterCount":1189,"Code":"LUTH1912","Language":"de","Name":"Luther 1912","VerseCount":31171,"ZipSize":1789263},{"BookCount":66,"Build":"2013-05-14","ChapterCount":1189,"Code":"SCH1951","Language":"de","Name":"Schlachter 1951","VerseCount":31172,"ZipSize":1869372},{"BookCount":66,"Build":"2013-05-14","ChapterCount":1189,"Code":"GREEKM","Language":"el","Name":"Modern Greek","VerseCount":31102,"ZipSize":2106459},{"BookCount":66,"Build":"2013-05-14","ChapterCount":1190,"Code":"BBE","Language":"en","Name":"Bible in Basic English","VerseCount":31172,"ZipSize":1604034},{"BookCount":66,"Build":"2013-05-14","ChapterCount":1189,"Code":"DARBY","Language":"en","Name":"Darby Bible","VerseCount":31167,"ZipSize":1637798},{"BookCount":66,"Build":"2013-05-14","ChapterCount":1189,"Code":"KJ2000","Language":"en","Name":"King James 2000","VerseCount":31102,"ZipSize":1716192},{"BookCount":66,"Build":"2013-05-14","ChapterCount":1189,"Code":"NHEB","Language":"en","Name":"New Heart English Bible","VerseCount":31102,"ZipSize":1612510},{"BookCount":66,"Build":"2013-05-14","ChapterCount":1189,"Code":"NIV","Language":"en","Name":"NIV","VerseCount":30886,"ZipSize":1608020},{"BookCount":66,"Build":"2013-05-14","ChapterCount":1189,"Code":"UKJV","Language":"en","Name":"Updated King James Version","VerseCount":31102,"ZipSize":1628954},{"BookCount":66,"Build":"2013-05-14","ChapterCount":1189,"Code":"WBS","Language":"en","Name":"Webster","VerseCount":31171,"ZipSize":1633166},{"BookCount":66,"Build":"2013-05-14","ChapterCount":1189,"Code":"WEB","Language":"en-AU","Name":"World English Bible","VerseCount":31102,"ZipSize":1621194},{"BookCount":66,"Build":"2013-05-14","ChapterCount":1189,"Code":"KJV","Language":"en-UK","Name":"King James Version","VerseCount":31102,"ZipSize":1630342},{"BookCount":66,"Build":"2013-05-14","ChapterCount":1189,"Code":"AKJV","Language":"en-US","Name":"American King James Version","VerseCount":31102,"ZipSize":1614806},{"BookCount":66,"Build":"2013-05-14","ChapterCount":1189,"Code":"ASV","Language":"en-US","Name":"American Standard Version","VerseCount":31102,"ZipSize":1643514},{"BookCount":66,"Build":"2013-05-14","ChapterCount":1189,"Code":"SEV","Language":"es","Name":"Las Sagradas Escrituras","VerseCount":31102,"ZipSize":1739675},{"BookCount":66,"Build":"2013-05-14","ChapterCount":1189,"Code":"SPARV","Language":"es","Name":"Spanish Reina-Valera","VerseCount":31102,"ZipSize":1748838},{"BookCount":66,"Build":"2013-05-14","ChapterCount":1189,"Code":"FIN","Language":"fi","Name":"Finish Version","VerseCount":31123,"ZipSize":1861196},{"BookCount":66,"Build":"2013-05-14","ChapterCount":1189,"Code":"FREPGR","Language":"fr","Name":"Bible Perret-Gentil et Rilliet","VerseCount":31088,"ZipSize":1874741},{"BookCount":66,"Build":"2013-05-14","ChapterCount":1189,"Code":"JND","Language":"fr","Name":"French Darby 2006","VerseCount":31107,"ZipSize":1838459},{"BookCount":66,"Build":"2013-05-14","ChapterCount":1189,"Code":"OSTV1996","Language":"fr","Name":"La Bible J.F. Ostervald 1996","VerseCount":31172,"ZipSize":1825998},{"BookCount":39,"Build":"2013-05-14","ChapterCount":928,"Code":"BHS","Language":"he","Name":"Biblia hebraica","VerseCount":23295,"ZipSize":1379052},{"BookCount":66,"Build":"2013-05-14","ChapterCount":1189,"Code":"HEBM","Language":"he","Name":"Modern Hebrew Bible","VerseCount":31102,"ZipSize":1434077},{"BookCount":39,"Build":"2013-05-14","ChapterCount":929,"Code":"WCL","Language":"he","Name":"Westminster Leningrad Codex","VerseCount":23213,"ZipSize":1412488},{"BookCount":66,"Build":"2013-05-14","ChapterCount":1189,"Code":"HUN","Language":"hu","Name":"Hungarian Version","VerseCount":31171,"ZipSize":1889419},{"BookCount":66,"Build":"2013-05-14","ChapterCount":1189,"Code":"HUNUJ","Language":"hu","Name":"Magyar Újfordítású","VerseCount":31085,"ZipSize":1835301},{"BookCount":66,"Build":"2013-05-14","ChapterCount":1189,"Code":"IRV_1990","Language":"it","Name":"Riveduta 1990","VerseCount":31102,"ZipSize":1826645},{"BookCount":66,"Build":"2013-05-14","ChapterCount":1189,"Code":"ITADIO","Language":"it","Name":"1649 Italian Giovanni Diodati Bibbia","VerseCount":31102,"ZipSize":1831196},{"BookCount":66,"Build":"2013-05-14","ChapterCount":1189,"Code":"LND_1991","Language":"it","Name":"La Nuova Diodati 1991","VerseCount":31103,"ZipSize":1801432},{"BookCount":66,"Build":"2013-05-14","ChapterCount":1189,"Code":"KNIV","Language":"ko","Name":"개역개정4판","VerseCount":31103,"ZipSize":1750218},{"BookCount":66,"Build":"2013-05-14","ChapterCount":1171,"Code":"KOR","Language":"ko","Name":"Korean Version","VerseCount":30625,"ZipSize":1712002},{"BookCount":66,"Build":"2013-05-14","ChapterCount":1191,"Code":"NVLA","Language":"la","Name":"Nova Vulgata","VerseCount":31328,"ZipSize":1694540},{"BookCount":66,"Build":"2013-05-14","ChapterCount":1189,"Code":"MAO","Language":"mi","Name":"Maori Version","VerseCount":31102,"ZipSize":1617121},{"BookCount":66,"Build":"2013-05-14","ChapterCount":1189,"Code":"DUTV","Language":"nl","Name":"Dutch Statenvertaling","VerseCount":31079,"ZipSize":1719980},{"BookCount":66,"Build":"2013-05-14","ChapterCount":1189,"Code":"CEBB","Language":"phi","Name":"Cebuano Ang Biblia (Bugna Version)","VerseCount":31102,"ZipSize":1856021},{"BookCount":66,"Build":"2013-05-14","ChapterCount":1189,"Code":"CEBP","Language":"phi","Name":"Cebuano Ang Biblia (Pinadayag Version)","VerseCount":31102,"ZipSize":1876449},{"BookCount":66,"Build":"2013-05-14","ChapterCount":1189,"Code":"ACF","Language":"pt","Name":"Portuguese Corrigida Fiel (1753\/1995)","VerseCount":31105,"ZipSize":1739035},{"BookCount":66,"Build":"2013-05-14","ChapterCount":1189,"Code":"PORT","Language":"pt","Name":"Portuguese Version","VerseCount":31104,"ZipSize":1754271},{"BookCount":66,"Build":"2013-05-14","ChapterCount":1185,"Code":"RU","Language":"ro","Name":"Rumanian Version","VerseCount":31011,"ZipSize":1819856},{"BookCount":66,"Build":"2013-05-14","ChapterCount":1192,"Code":"RST","Language":"ru","Name":"Russian Synodal Translation","VerseCount":31352,"ZipSize":2019128},{"BookCount":66,"Build":"2013-05-14","ChapterCount":1189,"Code":"RUSSUB","Language":"ru","Name":"Russian Version","VerseCount":31102,"ZipSize":2003204},{"BookCount":66,"Build":"2013-05-14","ChapterCount":1189,"Code":"UKRUB","Language":"ru","Name":"Ukrainian Version","VerseCount":31102,"ZipSize":2041891},{"BookCount":66,"Build":"2013-05-14","ChapterCount":1189,"Code":"ALB1","Language":"sq","Name":"Albanian Version","VerseCount":31102,"ZipSize":1854696},{"BookCount":66,"Build":"2013-05-14","ChapterCount":1189,"Code":"SVD","Language":"sv","Name":"Swedish 1917 Version","VerseCount":31151,"ZipSize":1862036},{"BookCount":66,"Build":"2013-05-14","ChapterCount":1189,"Code":"SWEFOLK1998","Language":"sv","Name":"Svenska Folkbibeln (1998)","VerseCount":31076,"ZipSize":1750343},{"BookCount":66,"Build":"2013-05-14","ChapterCount":1189,"Code":"KJVTHAI","Language":"th","Name":"KJV-Thai","VerseCount":31102,"ZipSize":2319263},{"BookCount":66,"Build":"2013-05-14","ChapterCount":1189,"Code":"TLGANGBIBLIA","Language":"tl","Name":"Ang Dating Biblia","VerseCount":31102,"ZipSize":1705660},{"BookCount":66,"Build":"2013-05-14","ChapterCount":1189,"Code":"VIE","Language":"vi","Name":"Vietnamese Version","VerseCount":31102,"ZipSize":1864222},{"BookCount":66,"Build":"2013-05-14","ChapterCount":1189,"Code":"VIETNVB","Language":"vi","Name":"New Vietnamese Bible (2002)","VerseCount":31100,"ZipSize":1877328},{"BookCount":66,"Build":"2013-05-14","ChapterCount":1189,"Code":"CNVS","Language":"zh","Name":"圣经新译本","VerseCount":31099,"ZipSize":1724634},{"BookCount":66,"Build":"2013-05-20","ChapterCount":1189,"Code":"CUVS","Language":"zh","Name":"圣经和合本","VerseCount":31100,"ZipSize":1595615},{"BookCount":66,"Build":"2013-05-14","ChapterCount":1189,"Code":"CUVT","Language":"zh_tw","Name":"聖經繁體和合本","VerseCount":31102,"ZipSize":1606071}]